draw_no,draw_date,n1,n2,n3,n4,n5,n6,n7,bonus1,bonus2
1,2013/04/05,7,10,12,17,23,28,34,3,15
2,2013/04/12,20,24,29,31,33,34,35,12,32
3,2013/04/19,2,7,8,11,14,23,31,5,15
4,2013/04/26,12,13,22,23,24,28,29,2,14
5,2013/05/03,1,3,4,5,16,21,28,22,31
6,2013/05/10,5,15,19,23,30,34,35,6,25
7,2013/05/17,1,3,5,7,27,29,33,6,15
8,2013/05/24,2,21,28,29,30,32,36,6,8
9,2013/05/31,3,4,15,23,27,30,36,13,35
10,2013/06/07,1,2,3,6,24,28,30,16,20
11,2013/06/14,9,15,26,29,32,34,36,14,35
12,2013/06/21,11,12,14,19,26,27,33,24,32
13,2013/06/28,6,10,16,21,27,28,35,15,34
14,2013/07/05,4,7,8,9,24,28,30,34,36
15,2013/07/12,2,10,14,17,23,25,35,8,29
16,2013/07/19,5,6,9,13,16,21,23,8,34
17,2013/07/26,2,3,5,22,34,36,37,7,15
18,2013/08/02,12,17,21,24,29,31,36,20,26
19,2013/08/09,2,14,19,20,21,22,31,1,15
20,2013/08/16,2,5,13,20,21,23,28,11,22
21,2013/08/23,1,9,13,15,25,30,33,19,28
22,2013/08/30,2,4,8,9,15,23,25,3,10
23,2013/09/06,4,8,11,25,28,29,30,14,32
24,2013/09/13,4,5,8,10,16,19,33,2,29
25,2013/09/20,1,6,11,16,17,18,21,10,24
26,2013/09/27,11,13,16,18,26,31,36,21,27
27,2013/10/04,1,10,11,14,17,18,28,25,26
28,2013/10/11,6,7,12,15,19,35,37,1,11
29,2013/10/18,2,3,16,17,24,26,28,15,31
30,2013/10/25,6,8,13,22,26,32,36,16,34
31,2013/11/01,9,12,13,19,23,33,34,20,32
32,2013/11/08,3,8,15,18,27,29,37,31,34
33,2013/11/15,1,4,17,24,29,33,36,19,30
34,2013/11/22,4,6,7,23,24,32,35,8,27
35,2013/11/29,1,16,18,19,25,30,34,26,36
36,2013/12/06,5,6,10,11,20,28,36,25,37
37,2013/12/13,7,8,10,13,14,19,37,29,33
38,2013/12/20,4,14,19,22,24,29,34,8,31
39,2013/12/27,7,13,19,23,25,26,30,1,18
40,2014/01/10,2,6,11,23,26,31,34,7,20
41,2014/01/17,2,3,8,15,34,35,36,25,28
42,2014/01/24,2,15,16,17,23,31,33,8,26
43,2014/01/31,4,6,7,8,24,31,37,5,13
44,2014/02/07,3,4,6,15,27,28,29,1,14
45,2014/02/14,1,2,9,18,21,27,33,25,31
46,2014/02/21,2,5,6,15,23,27,30,4,35
47,2014/02/28,2,9,11,14,20,21,36,6,15
48,2014/03/07,3,5,24,26,29,30,34,8,35
49,2014/03/14,8,11,12,17,24,26,27,14,21
50,2014/03/21,3,4,7,8,15,24,29,11,16
51,2014/03/28,1,4,5,8,20,23,35,15,33
52,2014/04/04,8,10,22,24,26,32,34,5,9
53,2014/04/11,1,4,14,16,20,33,36,12,30
54,2014/04/18,1,3,5,10,18,22,23,7,35
55,2014/04/25,4,12,14,17,23,30,36,13,33
56,2014/05/02,4,23,26,27,28,32,36,29,30
57,2014/05/09,5,6,12,16,17,20,33,8,32
58,2014/05/16,1,6,7,8,23,32,33,11,34
59,2014/05/23,5,8,12,13,21,30,35,27,34
60,2014/05/30,3,7,9,15,16,23,34,5,33
61,2014/06/06,5,10,11,21,28,31,37,13,14
62,2014/06/13,4,10,12,15,27,32,33,9,16
63,2014/06/20,4,8,19,24,28,30,32,12,37
64,2014/06/27,4,15,16,17,20,29,36,19,26
65,2014/07/04,4,7,12,22,23,24,28,25,34
66,2014/07/11,1,11,25,28,31,33,37,3,20
67,2014/07/18,7,11,15,17,18,25,35,6,33
68,2014/07/25,2,7,13,15,24,34,35,12,23
69,2014/08/01,13,17,20,22,28,29,37,11,12
70,2014/08/08,9,10,18,21,27,33,35,4,11
71,2014/08/15,1,6,13,29,34,35,37,2,15
72,2014/08/22,11,12,18,19,20,31,32,9,21
73,2014/08/29,12,16,23,25,27,30,32,28,33
74,2014/09/05,5,13,14,15,16,24,31,9,11
75,2014/09/12,4,9,15,17,19,35,37,10,20
76,2014/09/19,4,13,18,29,32,34,36,24,33
77,2014/09/26,3,10,23,25,26,28,30,15,29
78,2014/10/03,5,6,10,14,24,28,36,7,20
79,2014/10/10,2,4,7,9,21,29,37,6,36
80,2014/10/17,2,5,10,18,21,24,27,25,34
81,2014/10/24,1,3,10,18,28,31,35,9,21
82,2014/10/31,1,3,16,20,25,27,34,18,37
83,2014/11/07,1,11,21,26,28,32,35,18,22
84,2014/11/14,8,16,23,28,29,35,36,12,37
85,2014/11/21,6,7,10,11,22,26,35,14,23
86,2014/11/28,3,10,20,21,22,26,30,24,35
87,2014/12/05,8,9,12,18,20,28,31,13,15
88,2014/12/12,3,4,10,14,25,29,30,18,19
89,2014/12/19,1,3,11,26,28,34,36,17,20
90,2014/12/26,2,8,9,13,14,18,37,11,25
91,2015/01/09,1,5,7,14,15,25,35,18,24
92,2015/01/16,4,5,15,25,26,29,32,11,27
93,2015/01/23,2,5,11,14,17,30,32,31,37
94,2015/01/30,13,19,20,27,28,29,30,26,36
95,2015/02/06,1,8,13,14,18,30,34,26,36
96,2015/02/13,9,11,14,21,22,23,24,10,36
97,2015/02/20,7,13,14,16,22,24,35,1,29
98,2015/02/27,3,9,11,13,19,25,33,10,30
99,2015/03/06,13,17,22,24,27,28,35,11,19
100,2015/03/13,1,2,11,16,25,35,36,9,14
101,2015/03/20,11,12,21,23,28,36,37,3,16
102,2015/03/27,1,4,8,27,28,29,31,13,25
103,2015/04/03,2,3,11,12,22,35,36,30,34
104,2015/04/10,7,9,11,15,16,22,37,12,13
105,2015/04/17,3,15,19,20,26,28,33,17,21
106,2015/04/24,6,10,12,19,21,22,30,1,11
107,2015/05/01,3,8,9,13,17,27,33,29,31
108,2015/05/08,2,6,7,8,28,30,36,18,21
109,2015/05/15,6,17,20,21,24,30,32,7,23
110,2015/05/22,4,12,22,30,31,35,36,19,37
111,2015/05/29,7,8,9,24,28,30,33,1,34
112,2015/06/05,6,7,10,15,27,35,36,13,20
113,2015/06/12,4,6,7,9,15,17,37,14,20
114,2015/06/19,8,13,26,27,28,29,37,4,12
115,2015/06/26,6,8,13,14,20,25,27,24,26
116,2015/07/03,9,14,23,27,28,31,32,3,20
117,2015/07/10,9,10,20,28,31,34,37,23,26
118,2015/07/17,5,8,9,24,27,28,30,16,20
119,2015/07/24,3,6,8,14,15,25,36,24,35
120,2015/07/31,2,16,18,26,32,35,37,9,36
121,2015/08/07,2,4,13,16,21,30,37,19,29
122,2015/08/14,2,16,18,26,27,34,35,5,12
123,2015/08/21,1,3,5,8,29,34,36,23,28
124,2015/08/28,1,2,15,17,18,22,36,6,27
125,2015/09/04,1,6,11,14,19,28,35,18,21
126,2015/09/11,4,10,13,16,17,21,27,1,18
127,2015/09/18,10,12,15,23,28,30,35,6,25
128,2015/09/25,2,4,8,23,26,27,32,3,35
129,2015/10/02,5,7,11,19,24,27,30,29,35
130,2015/10/09,1,15,20,23,25,31,32,5,24
131,2015/10/16,3,4,12,17,32,34,36,23,31
132,2015/10/23,7,10,14,16,20,30,31,35,37
133,2015/10/30,3,7,13,15,17,21,30,14,27
134,2015/11/06,4,9,20,28,30,34,35,12,29
135,2015/11/13,8,9,13,14,24,32,34,3,4
136,2015/11/20,10,17,24,27,30,33,37,18,31
137,2015/11/27,13,19,21,25,27,32,35,16,20
138,2015/12/04,2,5,17,20,21,32,33,30,35
139,2015/12/11,9,16,18,21,23,34,35,4,36
140,2015/12/18,3,11,12,13,17,26,35,1,33
141,2015/12/25,2,10,18,30,31,32,36,21,29
142,2016/01/08,6,12,14,18,21,27,28,1,33
143,2016/01/15,1,3,8,14,28,29,33,4,31
144,2016/01/22,2,9,13,18,22,32,36,17,26
145,2016/01/29,10,12,18,28,29,30,35,4,19
146,2016/02/05,4,10,25,27,28,33,34,15,35
147,2016/02/12,1,5,7,12,15,24,25,8,14
148,2016/02/19,1,9,11,16,20,30,34,12,33
149,2016/02/26,1,4,15,19,22,23,31,12,32
150,2016/03/04,6,7,14,20,27,31,34,11,24
151,2016/03/11,9,10,13,15,21,22,24,4,8
152,2016/03/18,8,12,17,21,23,24,31,6,7
153,2016/03/25,7,9,10,16,20,28,37,2,33
154,2016/04/01,2,4,19,21,24,28,35,3,13
155,2016/04/08,2,9,13,18,22,24,26,10,37
156,2016/04/15,4,9,16,19,22,33,34,17,36
157,2016/04/22,5,9,16,26,28,29,32,1,37
158,2016/04/29,3,6,7,30,32,36,37,5,20
159,2016/05/06,10,14,17,21,23,27,31,16,24
160,2016/05/13,1,2,8,24,32,36,37,23,33
161,2016/05/20,8,14,17,18,20,22,34,4,30
162,2016/05/27,2,7,8,12,14,23,27,6,10
163,2016/06/03,1,2,6,16,28,30,31,3,7
164,2016/06/10,3,13,20,23,31,35,36,2,11
165,2016/06/17,9,11,14,15,16,18,27,6,20
166,2016/06/24,14,20,27,29,30,31,37,23,34
167,2016/07/01,1,3,5,7,10,26,36,19,37
168,2016/07/08,3,9,12,14,19,20,36,2,5
169,2016/07/15,1,5,10,20,21,28,30,25,26
170,2016/07/22,3,5,6,9,27,32,36,12,24
171,2016/07/29,1,2,6,21,23,27,28,11,16
172,2016/08/05,5,20,21,27,30,31,36,9,26
173,2016/08/12,7,9,19,22,24,27,30,4,28
174,2016/08/19,10,13,14,15,23,31,32,4,29
175,2016/08/26,6,17,21,31,33,35,37,14,18
176,2016/09/02,1,11,12,17,22,30,35,15,16
177,2016/09/09,9,15,19,23,25,34,36,2,35
178,2016/09/16,6,9,11,15,26,34,36,13,37
179,2016/09/23,4,9,12,13,22,26,36,5,33
180,2016/09/30,1,8,11,21,23,25,28,5,37
181,2016/10/07,7,8,10,13,19,23,24,15,27
182,2016/10/14,1,7,10,11,20,23,30,3,37
183,2016/10/21,6,15,20,26,33,34,37,19,29
184,2016/10/28,7,14,18,22,23,26,34,2,32
185,2016/11/04,1,2,4,16,26,29,34,11,12
186,2016/11/11,5,14,16,19,31,33,37,21,28
187,2016/11/18,4,6,10,23,24,32,36,15,31
188,2016/11/25,6,15,19,25,26,30,31,14,18
189,2016/12/02,3,7,8,10,18,23,35,1,19
190,2016/12/09,2,11,12,18,21,33,36,8,34
191,2016/12/16,8,15,21,24,26,27,29,7,30
192,2016/12/23,12,13,14,19,25,33,34,3,22
193,2016/12/30,4,6,20,21,22,24,31,9,10
194,2017/01/06,3,6,27,30,31,32,36,14,23
195,2017/01/13,4,7,12,20,23,24,31,26,35
196,2017/01/20,7,13,15,25,30,32,37,8,14
197,2017/01/27,6,8,10,12,16,21,28,14,23
198,2017/02/03,18,21,31,32,33,36,37,5,25
199,2017/02/10,1,9,17,20,22,28,29,13,16
200,2017/02/17,13,14,17,21,27,28,34,1,11
201,2017/02/24,8,11,17,24,28,31,32,12,34
202,2017/03/03,3,7,11,16,22,34,37,29,32
203,2017/03/10,6,13,17,22,32,33,36,12,28
204,2017/03/17,5,19,20,21,30,34,36,7,12
205,2017/03/24,4,5,19,31,35,36,37,27,32
206,2017/03/31,1,6,7,11,27,35,36,22,26
207,2017/04/07,4,5,10,13,28,32,33,19,26
208,2017/04/14,4,13,16,18,22,26,33,27,29
209,2017/04/21,3,4,6,13,22,31,36,28,34
210,2017/04/28,2,4,6,11,15,19,36,23,34
211,2017/05/05,7,15,22,25,31,32,35,29,36
212,2017/05/12,4,6,10,19,20,24,29,1,27
213,2017/05/19,5,13,15,18,19,24,35,20,23
214,2017/05/26,2,6,9,12,31,36,37,3,22
215,2017/06/02,11,12,13,21,29,36,37,7,9
216,2017/06/09,9,14,22,24,25,36,37,8,28
217,2017/06/16,4,6,26,27,28,35,36,24,34
218,2017/06/23,15,16,17,21,26,29,30,10,34
219,2017/06/30,6,9,13,14,21,25,31,2,4
220,2017/07/07,7,9,11,18,25,28,35,20,27
221,2017/07/14,1,2,9,11,17,30,35,13,36
222,2017/07/21,3,9,18,21,23,27,29,35,37
223,2017/07/28,10,13,19,21,26,33,34,24,25
224,2017/08/04,2,4,7,10,12,29,34,1,21
225,2017/08/11,13,15,17,18,20,21,26,25,29
226,2017/08/18,12,17,21,24,26,30,32,10,22
227,2017/08/25,2,3,7,9,22,23,26,29,30
228,2017/09/01,6,11,14,21,24,28,31,22,36
229,2017/09/08,2,3,9,30,33,36,37,1,32
230,2017/09/15,3,5,8,15,22,25,27,18,31
231,2017/09/22,4,15,18,24,25,34,36,10,26
232,2017/09/29,2,4,7,9,15,35,37,10,23
233,2017/10/06,3,13,17,25,26,27,29,8,37
234,2017/10/13,7,14,15,16,23,25,30,5,34
235,2017/10/20,2,9,13,18,21,33,34,3,11
236,2017/10/27,19,22,23,34,35,36,37,10,30
237,2017/11/03,3,4,7,19,20,21,29,8,33
238,2017/11/10,3,21,26,33,34,35,37,23,31
239,2017/11/17,8,13,17,21,23,28,37,1,14
240,2017/11/24,9,12,14,24,29,31,35,5,30
241,2017/12/01,5,11,12,19,21,26,28,4,20
242,2017/12/08,1,5,13,17,31,32,35,19,24
243,2017/12/15,6,9,13,18,20,22,30,11,14
244,2017/12/22,2,9,17,22,32,34,36,11,12
245,2017/12/29,2,8,9,11,24,26,27,7,36
246,2018/01/05,3,6,9,19,23,25,31,21,36
247,2018/01/12,10,12,13,16,34,35,36,11,37
248,2018/01/19,1,5,6,22,25,27,31,12,18
249,2018/01/26,9,20,28,29,31,34,37,5,25
250,2018/02/02,5,9,10,13,26,30,34,18,23
251,2018/02/09,1,15,20,26,28,34,37,23,30
252,2018/02/16,8,23,24,25,27,30,31,11,17
253,2018/02/23,6,7,9,12,15,17,24,26,29
254,2018/03/02,1,12,14,18,23,24,31,7,26
255,2018/03/09,1,4,11,13,15,21,32,5,10
256,2018/03/16,14,21,24,27,30,33,37,19,20
257,2018/03/23,5,15,16,26,27,32,35,23,28
258,2018/03/30,1,3,11,20,23,32,35,25,26
259,2018/04/06,5,6,15,19,22,29,32,4,31
260,2018/04/13,4,8,12,23,29,31,34,5,6
261,2018/04/20,4,14,15,17,21,23,26,7,8
262,2018/04/27,2,6,7,9,19,23,36,5,15
263,2018/05/04,1,5,11,16,27,35,36,6,14
264,2018/05/11,8,13,15,17,21,26,29,4,24
265,2018/05/18,12,13,15,19,21,24,36,10,37
266,2018/05/25,6,11,15,17,20,27,32,16,22
267,2018/06/01,8,13,18,20,23,25,26,6,28
268,2018/06/08,4,5,9,15,29,31,33,26,27
269,2018/06/15,1,9,15,24,31,33,36,2,26
270,2018/06/22,1,2,11,13,15,24,25,26,28
271,2018/06/29,1,9,15,16,19,32,35,14,31
272,2018/07/06,2,5,8,15,18,26,31,19,25
273,2018/07/13,13,15,21,23,26,32,34,5,9
274,2018/07/20,9,14,21,23,25,26,37,7,29
275,2018/07/27,8,9,15,19,24,25,35,34,37
276,2018/08/03,3,6,12,17,22,34,35,2,33
277,2018/08/10,6,7,9,11,21,23,25,1,22
278,2018/08/17,6,9,14,21,23,33,36,27,28
279,2018/08/24,7,11,15,17,19,23,31,9,37
280,2018/08/31,4,9,10,11,24,32,35,2,37
281,2018/09/07,1,2,17,19,20,22,26,30,36
282,2018/09/14,10,17,18,25,29,35,36,7,14
283,2018/09/21,13,14,15,17,23,29,31,10,19
284,2018/09/28,6,7,10,25,29,30,33,1,31
285,2018/10/05,11,15,21,26,30,34,35,4,36
286,2018/10/12,4,5,14,17,18,29,37,27,31
287,2018/10/19,2,7,10,20,24,29,34,4,8
288,2018/10/26,1,8,9,16,27,32,37,17,31
289,2018/11/02,2,7,10,12,16,17,34,23,25
290,2018/11/09,3,13,22,26,31,32,37,29,35
291,2018/11/16,1,11,18,19,21,29,37,5,15
292,2018/11/23,12,15,25,26,27,29,35,24,30
293,2018/11/30,11,13,15,20,27,29,35,1,7
294,2018/12/07,3,4,6,10,14,22,29,28,32
295,2018/12/14,4,5,6,8,9,22,32,13,26
296,2018/12/21,1,8,10,12,18,28,29,25,27
297,2018/12/28,2,3,11,16,23,28,36,8,24
298,2019/01/04,1,3,8,11,18,19,22,26,30
299,2019/01/11,1,6,10,13,16,26,36,28,30
300,2019/01/18,4,7,21,31,33,34,35,6,12
301,2019/01/25,4,11,12,25,27,30,33,5,19
302,2019/02/01,8,16,26,27,28,32,34,4,25
303,2019/02/08,4,7,14,17,21,34,37,10,30
304,2019/02/15,7,9,10,17,28,33,36,18,23
305,2019/02/22,6,17,23,24,27,28,31,10,18
306,2019/03/01,12,13,15,22,25,33,35,1,31
307,2019/03/08,5,8,15,24,25,32,35,20,26
308,2019/03/15,5,6,11,15,20,32,33,13,25
309,2019/03/22,1,7,13,14,16,21,22,18,34
310,2019/03/29,17,25,26,28,31,32,37,6,9
311,2019/04/05,9,11,18,24,26,27,37,30,33
312,2019/04/12,1,2,4,18,20,29,34,17,30
313,2019/04/19,9,13,16,23,28,29,30,1,20
314,2019/04/26,3,6,8,19,32,34,35,12,30
315,2019/05/03,3,11,18,26,30,33,37,28,31
316,2019/05/10,3,9,10,17,30,33,34,6,8
317,2019/05/17,7,8,14,15,16,20,29,18,19
318,2019/05/24,4,5,10,12,27,34,36,3,14
319,2019/05/31,2,6,14,23,28,31,35,19,27
320,2019/06/07,5,6,18,22,26,33,34,36,37
321,2019/06/14,15,24,27,28,29,34,35,9,25
322,2019/06/21,1,10,11,21,26,29,30,14,20
323,2019/06/28,11,14,15,21,26,34,36,23,27
324,2019/07/05,9,13,16,17,18,19,20,30,36
325,2019/07/12,4,14,17,18,21,31,33,6,20
326,2019/07/19,1,2,17,18,24,27,29,12,32
327,2019/07/26,1,3,13,14,16,30,31,2,17
328,2019/08/02,3,9,10,14,19,24,30,18,21
329,2019/08/09,3,10,19,20,26,28,30,15,25
330,2019/08/16,3,4,10,12,17,18,20,19,32
331,2019/08/23,5,7,11,12,15,18,20,19,30
332,2019/08/30,5,7,10,15,24,27,30,3,33
333,2019/09/06,1,4,10,11,16,24,34,30,32
334,2019/09/13,3,7,15,16,30,34,35,8,29
335,2019/09/20,9,10,17,18,22,25,35,13,14
336,2019/09/27,9,10,13,21,25,31,33,24,37
337,2019/10/04,5,7,10,12,14,24,35,11,33
338,2019/10/11,7,9,16,17,23,27,34,15,36
339,2019/10/18,11,15,18,20,23,25,32,9,37
340,2019/10/25,6,14,17,26,27,30,36,12,28
341,2019/11/01,4,11,17,27,29,31,36,19,24
342,2019/11/08,3,6,24,28,32,35,36,4,8
343,2019/11/15,17,19,22,29,30,31,32,11,16
344,2019/11/22,11,19,28,29,31,32,37,12,21
345,2019/11/29,6,9,10,18,28,31,32,24,35
346,2019/12/06,11,16,18,23,30,31,35,3,27
347,2019/12/13,3,6,11,13,18,20,34,25,35
348,2019/12/20,2,5,17,18,19,20,33,1,24
349,2019/12/27,4,10,11,15,18,22,34,16,32
350,2020/01/10,10,19,21,23,24,30,37,2,28
351,2020/01/17,8,13,17,19,23,25,28,5,16
352,2020/01/24,3,4,14,18,26,30,32,28,34
353,2020/01/31,11,15,22,23,24,29,33,19,34
354,2020/02/07,1,2,8,10,13,25,31,23,35
355,2020/02/14,4,6,9,10,23,27,33,14,31
356,2020/02/21,4,16,20,30,33,34,36,19,21
357,2020/02/28,5,8,12,13,14,24,30,27,35
358,2020/03/06,5,13,14,26,32,33,34,8,11
359,2020/03/13,4,7,11,17,19,26,35,1,24
360,2020/03/20,9,11,13,14,20,22,37,15,17
361,2020/03/27,5,9,16,20,29,33,35,2,8
362,2020/04/03,4,7,8,14,22,24,27,13,26
363,2020/04/10,13,15,17,22,26,34,36,3,19
364,2020/04/17,3,9,10,14,16,20,27,19,33
365,2020/04/24,1,4,13,14,16,22,35,10,23
366,2020/05/01,10,24,25,26,27,33,36,4,23
367,2020/05/08,8,14,19,20,29,30,31,7,35
368,2020/05/15,7,8,9,13,21,34,35,3,20
369,2020/05/22,1,7,9,11,15,31,34,6,33
370,2020/05/29,7,10,16,25,26,33,34,24,35
371,2020/06/05,1,3,4,8,11,21,25,12,23
372,2020/06/12,6,8,22,23,32,33,36,9,27
373,2020/06/19,2,3,17,18,22,23,31,4,30
374,2020/06/26,4,5,9,10,18,27,35,15,34
375,2020/07/03,13,15,18,19,23,27,32,34,35
376,2020/07/10,6,11,14,17,23,31,37,10,15
377,2020/07/17,6,7,10,17,25,33,36,27,32
378,2020/07/24,1,5,9,10,14,15,29,20,28
379,2020/07/31,3,8,15,22,24,29,35,18,26
380,2020/08/07,8,14,24,25,32,34,36,13,16
381,2020/08/14,4,8,25,26,27,31,32,9,22
382,2020/08/21,2,3,5,8,19,22,37,16,28
383,2020/08/28,8,11,15,22,26,28,30,10,20
384,2020/09/04,3,7,15,18,26,30,31,9,33
385,2020/09/11,4,12,14,24,29,34,35,5,15
386,2020/09/18,9,19,22,32,35,36,37,7,21
387,2020/09/25,3,7,13,22,30,32,37,14,15
388,2020/10/02,1,6,8,10,18,21,32,13,28
389,2020/10/09,1,6,11,13,18,24,27,17,23
390,2020/10/16,3,6,19,21,23,26,27,30,34
391,2020/10/23,10,23,27,32,33,35,37,24,26
392,2020/10/30,1,4,6,15,20,22,26,18,21
393,2020/11/06,7,14,15,22,27,30,31,9,32
394,2020/11/13,6,10,22,23,27,32,33,8,19
395,2020/11/20,1,2,5,20,26,29,32,8,9
396,2020/11/27,2,3,5,8,16,20,34,26,31
397,2020/12/04,4,12,13,15,21,28,37,7,20
398,2020/12/11,3,4,10,17,20,22,33,1,6
399,2020/12/18,7,15,19,20,21,33,36,4,10
400,2020/12/25,4,17,22,28,30,31,35,25,34
401,2021/01/08,4,5,9,14,18,30,35,1,33
402,2021/01/15,7,9,12,17,20,26,29,4,13
403,2021/01/22,2,6,8,12,19,20,29,5,26
404,2021/01/29,4,8,13,16,25,30,32,9,26
405,2021/02/05,3,10,16,17,24,32,36,11,29
406,2021/02/12,1,2,5,16,18,21,29,24,25
407,2021/02/19,19,21,25,26,28,30,31,9,16
408,2021/02/26,16,18,19,21,29,30,35,14,28
409,2021/03/05,13,15,16,24,30,31,37,12,33
410,2021/03/12,1,2,18,21,26,29,37,9,36
411,2021/03/19,4,11,12,21,23,27,36,9,14
412,2021/03/26,14,20,22,29,31,33,34,15,24
413,2021/04/02,3,10,16,18,19,34,35,27,36
414,2021/04/09,3,8,16,21,25,36,37,14,20
415,2021/04/16,4,8,12,13,23,32,37,16,35
416,2021/04/23,8,9,10,15,16,30,31,29,36
417,2021/04/30,4,5,13,18,23,27,32,9,11
418,2021/05/07,10,13,17,18,22,28,37,1,20
419,2021/05/14,3,11,14,21,26,29,34,22,33
420,2021/05/21,4,5,11,13,24,32,34,2,3
421,2021/05/28,9,15,18,26,28,32,37,21,36
422,2021/06/04,1,9,21,23,30,35,36,5,6
423,2021/06/11,1,7,9,11,29,31,32,2,6
424,2021/06/18,5,6,12,19,25,30,35,26,33
425,2021/06/25,2,9,14,20,22,34,35,7,24
426,2021/07/02,1,2,6,8,30,31,33,13,35
427,2021/07/09,11,13,26,27,31,33,37,9,18
428,2021/07/16,3,6,16,22,31,34,35,24,32
429,2021/07/23,6,11,14,27,30,32,35,18,24
430,2021/07/30,2,12,17,24,28,30,32,3,27
431,2021/08/06,7,11,12,17,19,20,26,2,3
432,2021/08/13,5,10,13,24,29,30,35,21,31
433,2021/08/20,14,17,20,25,32,33,36,10,34
434,2021/08/27,10,11,12,17,29,34,37,26,30
435,2021/09/03,3,5,7,11,15,17,25,13,32
436,2021/09/10,5,6,21,22,26,31,32,18,36
437,2021/09/17,8,10,14,15,23,25,26,1,11
438,2021/09/24,4,13,16,21,32,34,37,27,33
439,2021/10/01,1,3,6,9,26,29,31,14,18
440,2021/10/08,5,10,17,18,19,22,32,14,35
441,2021/10/15,15,21,22,23,27,28,37,8,25
442,2021/10/22,6,13,14,16,19,30,32,25,36
443,2021/10/29,1,5,8,26,28,32,36,23,24
444,2021/11/05,11,15,16,17,18,27,29,25,33
445,2021/11/12,4,22,25,27,28,30,33,2,3
446,2021/11/19,1,7,9,12,15,29,32,11,28
447,2021/11/26,3,5,8,13,26,30,37,25,28
448,2021/12/03,7,21,24,29,32,36,37,22,27
449,2021/12/10,2,21,26,27,32,33,34,8,9
450,2021/12/17,2,7,12,15,21,23,30,9,31
451,2021/12/24,2,15,22,25,28,33,37,10,17
452,2022/01/07,5,17,20,21,31,34,35,8,27
453,2022/01/14,2,8,10,21,24,26,35,9,13
454,2022/01/21,8,17,21,26,27,29,31,1,33
455,2022/01/28,1,5,8,15,18,26,36,33,34
456,2022/02/04,9,15,17,18,22,25,31,33,36
457,2022/02/11,7,14,19,27,31,35,36,9,33
458,2022/02/18,7,11,12,14,19,21,33,6,37
459,2022/02/25,2,4,7,8,10,20,29,14,33
460,2022/03/04,5,6,9,23,27,28,30,4,13
461,2022/03/11,2,13,19,22,32,35,37,14,33
462,2022/03/18,7,11,24,27,29,34,35,4,18
463,2022/03/25,3,7,13,16,19,24,30,6,10
464,2022/04/01,7,8,13,17,30,32,36,1,10
465,2022/04/08,1,4,5,13,27,31,35,15,22
466,2022/04/15,5,6,8,14,15,25,29,18,33
467,2022/04/22,7,8,11,13,14,26,30,31,34
468,2022/04/29,3,12,15,16,25,29,37,26,28
469,2022/05/06,1,6,8,13,16,30,33,23,28
470,2022/05/13,2,3,9,16,27,32,36,1,34
471,2022/05/20,3,5,7,8,11,19,34,17,32
472,2022/05/27,5,7,8,32,33,34,36,4,6
473,2022/06/03,6,11,21,24,28,33,37,8,27
474,2022/06/10,3,17,19,21,24,32,34,27,28
475,2022/06/17,1,2,22,24,26,31,37,12,19
476,2022/06/24,4,7,9,15,22,24,31,21,37
477,2022/07/01,2,5,9,19,25,32,37,7,29
478,2022/07/08,6,8,11,13,16,20,32,12,34
479,2022/07/15,8,11,13,18,24,30,31,21,23
480,2022/07/22,10,13,19,21,26,30,36,22,34
481,2022/07/29,1,10,13,14,16,25,27,5,21
482,2022/08/05,2,5,14,15,17,19,36,8,34
483,2022/08/12,2,11,20,23,25,36,37,29,34
484,2022/08/19,1,4,6,9,13,22,31,29,30
485,2022/08/26,4,6,17,20,22,24,26,8,9
486,2022/09/02,8,13,15,23,24,31,35,14,19
487,2022/09/09,9,10,13,15,26,34,37,22,36
488,2022/09/16,3,13,16,18,19,20,35,2,11
489,2022/09/23,3,6,7,15,25,29,31,8,14
490,2022/09/30,12,14,18,21,23,29,37,7,15
491,2022/10/07,3,14,17,21,22,32,35,6,30
492,2022/10/14,7,10,12,15,23,31,37,9,18
493,2022/10/21,5,13,14,20,21,25,31,9,36
494,2022/10/28,7,9,12,22,28,29,32,17,19
495,2022/11/04,2,16,19,20,22,33,36,6,32
496,2022/11/11,5,8,15,18,25,27,36,10,26
497,2022/11/18,18,20,24,26,27,30,33,17,19
498,2022/11/25,6,8,12,20,21,24,29,4,18
499,2022/12/02,5,9,14,18,27,32,34,6,12
500,2022/12/09,17,18,24,30,31,32,35,6,36
501,2022/12/16,1,2,4,7,12,14,31,30,33
502,2022/12/23,1,2,12,17,21,22,33,4,30
503,2022/12/30,5,7,8,13,23,26,33,31,37
504,2023/01/06,1,3,4,5,6,29,31,11,14
505,2023/01/13,9,10,12,15,16,28,36,1,23
506,2023/01/20,8,14,19,22,29,31,37,3,21
507,2023/01/27,4,19,25,26,30,32,36,1,15
508,2023/02/03,1,5,6,9,16,26,31,25,33
509,2023/02/10,10,14,22,26,27,32,33,20,37
510,2023/02/17,3,5,9,11,17,33,37,4,22
511,2023/02/24,1,9,14,24,28,36,37,16,31
512,2023/03/03,5,7,17,22,25,26,28,3,23
513,2023/03/10,1,4,10,13,15,19,37,16,20
514,2023/03/17,1,5,10,17,20,27,37,3,22
515,2023/03/24,3,15,17,22,26,27,28,6,8
516,2023/03/31,7,12,15,16,18,25,36,9,19
517,2023/04/07,3,6,10,16,26,29,31,7,24
518,2023/04/14,5,8,11,24,30,32,36,4,35
519,2023/04/21,1,2,8,14,17,21,34,20,26
520,2023/04/28,9,22,25,28,33,34,37,15,16
521,2023/05/05,21,24,25,27,30,33,36,3,31
522,2023/05/12,1,10,12,19,22,25,37,2,34
523,2023/05/19,3,17,19,27,28,32,35,2,34
524,2023/05/26,4,17,22,27,29,31,34,3,37
525,2023/06/02,11,14,17,18,21,25,31,1,27
526,2023/06/09,4,13,17,19,20,26,29,2,28
527,2023/06/16,4,8,12,25,27,32,34,15,17
528,2023/06/23,5,7,10,19,30,32,33,1,17
529,2023/06/30,7,9,13,14,22,26,29,10,21
530,2023/07/07,1,11,13,28,29,30,34,23,27
531,2023/07/14,4,6,9,11,14,28,30,10,12
532,2023/07/21,4,9,13,18,26,28,36,8,16
533,2023/07/28,2,4,9,11,14,25,37,29,32
534,2023/08/04,10,17,18,19,20,24,25,30,32
535,2023/08/11,5,11,12,19,29,32,36,9,26
536,2023/08/18,8,12,16,17,22,28,34,9,37
537,2023/08/25,2,3,9,13,14,35,37,4,17
538,2023/09/01,1,2,11,12,16,25,28,6,22
539,2023/09/08,4,6,8,18,20,27,35,24,26
540,2023/09/15,3,7,10,18,19,28,36,13,26
541,2023/09/22,6,14,23,25,27,28,34,19,37
542,2023/09/29,2,9,26,31,33,35,36,15,20
543,2023/10/06,2,11,13,18,23,24,36,17,26
544,2023/10/13,10,11,18,21,22,29,34,4,32
545,2023/10/20,3,12,16,17,27,30,34,15,37
546,2023/10/27,7,14,17,28,33,35,36,13,27
547,2023/11/03,4,11,14,18,23,25,29,17,32
548,2023/11/10,1,13,16,17,18,25,30,20,34
549,2023/11/17,13,19,20,28,33,34,35,4,32
550,2023/11/24,7,8,13,22,24,29,30,10,35
551,2023/12/01,15,16,17,22,29,32,37,23,24
552,2023/12/08,7,11,12,16,18,33,34,1,14
553,2023/12/15,2,6,13,15,16,20,33,9,28
554,2023/12/22,4,10,15,17,29,32,36,13,30
555,2023/12/29,9,12,17,19,26,32,34,11,22
556,2024/01/05,17,20,26,28,29,33,35,1,6
557,2024/01/12,3,5,7,10,17,18,35,2,21
558,2024/01/19,15,20,21,22,23,26,34,6,10
559,2024/01/26,3,4,10,13,15,18,22,2,16
560,2024/02/02,3,20,29,32,33,34,35,2,24
561,2024/02/09,6,8,19,20,27,32,37,13,33
562,2024/02/16,2,14,15,20,28,30,34,3,4
563,2024/02/23,1,4,6,14,16,19,31,12,18
564,2024/03/01,9,13,15,18,22,24,30,6,27
565,2024/03/08,3,6,9,11,19,30,36,1,33
566,2024/03/15,3,5,18,25,28,35,37,7,8
567,2024/03/22,6,8,16,18,19,34,37,15,30
568,2024/03/29,8,18,20,29,30,33,34,5,23
569,2024/04/05,12,15,17,22,30,34,35,5,9
570,2024/04/12,1,3,9,12,25,26,35,29,31
571,2024/04/19,13,26,27,29,30,34,37,2,23
572,2024/04/26,1,2,4,19,21,26,28,3,25
573,2024/05/03,11,12,18,19,23,26,31,15,25
574,2024/05/10,4,5,13,16,22,23,35,36,37
575,2024/05/17,2,12,18,20,25,28,30,9,23
576,2024/05/24,11,13,14,18,19,23,31,7,27
577,2024/05/31,11,13,19,25,29,36,37,18,30
578,2024/06/07,2,15,19,20,22,31,36,13,23
579,2024/06/14,7,19,23,33,34,35,36,5,10
580,2024/06/21,4,13,14,15,17,27,33,2,11
581,2024/06/28,3,8,10,15,18,23,37,17,24
582,2024/07/05,5,7,22,29,30,32,36,3,33
583,2024/07/12,1,5,8,9,20,30,37,11,26
584,2024/07/19,10,11,12,17,23,30,36,20,21
585,2024/07/26,6,11,13,14,16,27,34,12,25
586,2024/08/02,1,2,4,14,15,22,23,13,36
587,2024/08/09,15,18,21,22,23,25,32,1,30
588,2024/08/16,3,5,9,13,15,21,31,12,17
589,2024/08/23,1,6,8,9,14,29,33,5,23
590,2024/08/30,1,3,9,10,15,25,35,19,28
591,2024/09/06,4,7,8,11,21,23,35,10,24
592,2024/09/13,3,8,11,15,19,24,32,14,30
593,2024/09/20,3,8,9,14,15,22,32,1,12
594,2024/09/27,5,12,21,25,27,34,36,10,32
595,2024/10/04,14,15,16,19,25,28,33,6,29
596,2024/10/11,1,9,16,19,23,29,32,5,37
597,2024/10/18,2,4,14,15,22,27,34,1,5
598,2024/10/25,1,4,7,11,12,18,26,3,33
599,2024/11/01,4,7,16,19,26,31,33,25,29
600,2024/11/08,1,2,12,16,19,29,32,9,37
601,2024/11/15,4,8,18,20,29,35,37,19,34
602,2024/11/22,7,15,18,24,29,31,34,5,25
603,2024/11/29,4,9,10,23,28,30,34,18,31
604,2024/12/06,4,6,9,12,25,31,36,27,30
605,2024/12/13,2,8,15,26,28,31,32,19,24
606,2024/12/20,9,17,18,20,22,27,36,25,37
607,2024/12/27,12,14,20,27,31,34,37,19,21
608,2025/01/10,7,10,11,18,20,29,30,32,36
609,2025/01/17,4,11,12,23,26,32,37,1,9
610,2025/01/24,1,8,9,23,24,31,36,21,28
611,2025/01/31,7,8,11,18,20,30,34,5,14
612,2025/02/07,5,13,16,23,27,31,34,26,33
613,2025/02/14,3,5,6,10,19,21,35,13,27
614,2025/02/21,14,21,22,23,24,28,34,5,37
615,2025/02/28,4,11,21,26,27,28,33,10,13
616,2025/03/07,7,15,20,28,29,34,36,1,35
617,2025/03/14,2,6,10,12,25,28,35,27,31
618,2025/03/21,7,17,20,23,24,34,36,25,35
619,2025/03/28,8,9,18,20,27,29,32,7,12
620,2025/04/04,2,4,8,10,12,29,32,6,13
621,2025/04/11,1,2,12,13,14,30,36,9,24
622,2025/04/18,1,10,28,29,30,33,34,21,27
623,2025/04/25,9,12,22,26,28,31,37,7,30
624,2025/05/02,2,14,15,26,27,34,36,9,24
625,2025/05/09,3,10,12,18,19,24,32,4,15
626,2025/05/16,1,3,7,12,17,32,34,14,30
627,2025/05/23,9,15,21,30,33,34,37,10,35
628,2025/05/30,1,8,9,11,18,27,35,16,34
629,2025/06/06,2,7,9,21,23,24,30,22,29
630,2025/06/13,4,6,8,23,28,29,34,10,19
631,2025/06/20,2,3,6,17,33,35,36,25,37
632,2025/06/27,5,7,10,11,29,31,37,13,25
633,2025/07/04,2,5,10,17,21,31,36,20,32
634,2025/07/11,2,12,18,29,32,36,37,5,21
635,2025/07/18,10,12,20,29,30,31,34,4,15
636,2025/07/25,10,14,17,20,26,27,29,3,11
637,2025/08/01,1,4,7,8,9,20,21,11,30
638,2025/08/08,1,6,18,19,35,36,37,11,24
639,2025/08/15,5,9,12,15,30,31,34,13,29
640,2025/08/22,2,7,9,12,13,14,29,15,30
641,2025/08/29,1,3,7,23,24,33,36,17,30
642,2025/09/05,1,7,22,23,33,34,35,2,24
643,2025/09/12,1,5,15,16,18,27,34,19,22
644,2025/09/19,1,11,12,14,20,26,29,2,5
645,2025/09/26,7,10,16,20,26,32,35,24,33
646,2025/10/03,5,12,13,15,18,35,37,11,29
647,2025/10/10,4,5,9,13,17,22,28,18,31
648,2025/10/17,3,17,19,24,28,29,35,7,13
649,2025/10/24,12,22,23,26,33,35,37,2,21
650,2025/10/31,1,8,10,14,25,33,35,12,21
651,2025/11/07,2,13,19,20,24,26,35,29,36
652,2025/11/14,1,16,21,26,27,30,35,6,37
653,2025/11/21,6,7,12,25,26,30,33,13,15
654,2025/11/28,3,12,25,29,30,32,33,28,31
655,2025/12/05,4,5,12,13,24,26,33,3,14
656,2025/12/12,1,4,6,20,30,34,37,14,25
657,2025/12/19,9,11,16,23,27,29,32,6,24
658,2025/12/26,10,12,16,18,19,22,37,11,20
659,2026/01/09,2,8,9,14,27,34,36,5,18
660,2026/01/16,4,6,12,13,16,17,31,14,20
661,2026/01/23,7,12,17,22,31,34,35,20,32
662,2026/01/30,4,14,15,21,22,24,37,5,20
663,2026/02/06,4,6,10,11,13,17,23,25,32
664,2026/02/13,3,6,8,14,21,22,31,17,37
665,2026/02/20,6,8,14,19,22,25,35,12,17
666,2026/02/27,2,17,18,22,23,25,33,16,34
667,2026/03/06,9,13,20,22,28,29,33,21,23
668,2026/03/13,1,8,11,14,18,22,29,19,35
669,2026/03/20,3,5,6,7,9,13,16,11,23
670,2026/03/27,3,4,9,10,18,21,37,15,23
671,2026/04/03,7,13,16,22,28,33,36,2,25
672,2026/04/10,7,11,15,16,17,24,33,6,9
673,2026/04/17,6,9,10,12,16,24,32,17,19
674,2026/04/24,1,6,7,9,12,22,26,8,14
675,2026/05/01,5,8,16,18,24,28,31,6,23
676,2026/05/08,2,6,15,19,20,22,27,31,33
677,2026/05/15,5,6,7,8,15,17,19,1,33
678,2026/05/22,2,6,12,15,24,26,34,18,20
679,2026/05/29,6,8,9,18,22,24,35,4,20
680,2026/06/05,9,10,22,26,27,31,36,20,29
681,2026/06/12,1,10,12,13,19,33,35,14,37
682,2026/06/19,11,14,17,23,28,30,36,12,20
683,2026/06/26,11,21,22,25,28,29,36,8,32
684,2026/07/03,8,14,17,19,20,32,36,21,25
685,2026/07/10,1,5,16,20,21,22,31,23,36
686,2026/07/17,1,3,16,18,32,34,35,2,15
687,2026/07/24,15,22,23,24,25,29,36,35,37
688,2026/07/31,4,21,25,28,30,35,37,12,16
689,2026/08/07,4,18,23,24,32,33,35,29,36
690,2026/08/14,3,10,14,17,18,20,25,19,34
691,2026/08/21,8,10,20,22,23,27,37,2,9
692,2026/08/28,7,9,15,18,20,28,31,21,34
